Quest Name,Objective,Steps,Min Level,Max Level,First Step Position,Active Bots,Successful Bots,Unsuccessful Bots
Delivery from the Past,"Zone case_extraction",0,5,17,N/A,,,
Bad Rep Evidence,"Zone locked_office",0,6,18,N/A,,,
Ice Cream Cones,"Zone bunker2",0,9,24,N/A,,,
Shaking up the Teller,"Zone room214",0,9,24,N/A,,,
Sanitary Standards - Part 1,"Zone pumproom",0,4,15,N/A,,,
Operation Aquarius - Part 1,"Zone room206_water",0,6,18,N/A,,,
Pharmacist,"Zone vaz_feld",0,10,25,N/A,,,
Pharmacist,"Zone room114",0,10,25,N/A,,,
The Extortionist,"Zone dead_posylni",0,7,20,N/A,,,
The Extortionist,"Zone vremyan_case",0,7,20,N/A,,,
Golden Swag,"Zone extraction_zone_zibbo",0,8,22,N/A,,,
Chemical - Part 1,"Zone bomj_place",0,10,25,N/A,,,
Chemical - Part 4,"Zone gazel",0,11,27,N/A,,,
Out of Curiosity,"Zone gazel",0,11,27,N/A,,,
Big Customer,"Zone gazel",0,11,27,N/A,,,
BP Depot,"Zone fuel1",0,5,17,N/A,,,
BP Depot,"Zone fuel2",0,5,17,N/A,,,
BP Depot,"Zone fuel3",0,5,17,N/A,,,
BP Depot,"Zone fuel4",0,5,17,N/A,,,
Spa Tour - Part 2,"Zone place_peacemaker_008_2_N1",0,12,29,N/A,,,
Spa Tour - Part 2,"Zone place_peacemaker_008_2_N2",0,12,29,N/A,,,
Spa Tour - Part 4,"Zone place_peacemaker_008_4_N1",0,12,29,N/A,,,
Spa Tour - Part 4,"Zone place_peacemaker_008_4_N2",0,12,29,N/A,,,
Fishing Gear,"Zone place_peacemaker_001",0,10,25,N/A,,,
Tigr Safari,"Zone place_peacemaker_002_N1",0,10,25,N/A,,,
Tigr Safari,"Zone place_peacemaker_002_N2",0,10,25,N/A,,,
Tigr Safari,"Zone place_peacemaker_002_N3",0,10,25,N/A,,,
Scrap Metal,"Zone place_peacemaker_003_N1",0,10,25,N/A,,,
Scrap Metal,"Zone place_peacemaker_003_N2",0,10,25,N/A,,,
Scrap Metal,"Zone place_peacemaker_003_N3",0,10,25,N/A,,,
Eagle Eye,"Zone place_peacemaker_004_N1",0,11,27,N/A,,,
Eagle Eye,"Zone place_peacemaker_004_N2",0,11,27,N/A,,,
Humanitarian Supplies,"Zone place_peacemaker_005_N1",0,11,27,N/A,,,
Humanitarian Supplies,"Zone place_peacemaker_005_N2",0,11,27,N/A,,,
The Cult - Part 1,"Zone place_peacemaker_007_1_N1",0,12,29,N/A,,,
The Cult - Part 2,"Zone place_peacemaker_007_2_N2",0,12,29,N/A,,,
The Cult - Part 2,"Zone place_peacemaker_007_N1",0,12,29,N/A,,,
The Cult - Part 2,"Zone place_peacemaker_007_2_N2_1",0,12,29,N/A,,,
The Cult - Part 2,"Zone place_peacemaker_007_2_N3",0,12,29,N/A,,,
Cargo X - Part 2,"Zone place_peacemaker_009_2",0,12,29,N/A,,,
Cargo X - Part 3,"Zone place_peacemaker_009_3_N1",0,12,29,N/A,,,
Wet Job - Part 2,"Zone place_peacemaker_010_2",0,14,33,N/A,,,
Wet Job - Part 3,"Zone place_peacemaker_010_3",0,14,33,N/A,,,
Health Care Privacy - Part 1,"Zone ter_013_area_1",0,10,25,N/A,,,
Health Care Privacy - Part 1,"Zone ter_013_area_2",0,10,25,N/A,,,
Health Care Privacy - Part 1,"Zone ter_013_area_3",0,10,25,N/A,,,
Health Care Privacy - Part 3,"Zone ter_015_area_1",0,10,25,N/A,,,
Health Care Privacy - Part 5,"Zone ter_017_area_1",0,10,25,N/A,,,
Farming - Part 1,"Zone place_SADOVOD_01_1",0,12,29,N/A,,,
Farming - Part 1,"Zone place_SADOVOD_01_2",0,12,29,N/A,,,
Farming - Part 3,"Zone place_SADOVOD_03",0,14,33,N/A,,,
Signal - Part 1,"Zone place_SIGNAL_01_1",0,12,29,N/A,,,
Signal - Part 1,"Zone place_SIGNAL_01_2",0,12,29,N/A,,,
Signal - Part 3,"Zone place_SIGNAL_03_1",0,15,35,N/A,,,
Signal - Part 3,"Zone place_SIGNAL_03_2",0,15,35,N/A,,,
Signal - Part 3,"Zone place_SIGNAL_03_3",0,15,35,N/A,,,
Scout,"Zone place_pacemaker_SCOUT_01",0,12,29,N/A,,,
Scout,"Zone place_pacemaker_SCOUT_02",0,12,29,N/A,,,
Scout,"Zone place_pacemaker_SCOUT_03",0,12,29,N/A,,,
Scout,"Zone place_pacemaker_SCOUT_04",0,12,29,N/A,,,
Big Sale,"Zone place_SALE_03_AVOKADO",0,15,35,N/A,,,
Big Sale,"Zone place_SALE_03_KOSTIN",0,15,35,N/A,,,
Big Sale,"Zone place_SALE_03_TREND",0,15,35,N/A,,,
Big Sale,"Zone place_SALE_03_DINO",0,15,35,N/A,,,
Big Sale,"Zone place_SALE_03_TOPBRAND",0,15,35,N/A,,,
The Blood of War - Part 1,"Zone place_WARBLOOD_04_1",0,15,35,N/A,,,
The Blood of War - Part 1,"Zone place_WARBLOOD_04_2",0,15,35,N/A,,,
The Blood of War - Part 1,"Zone place_WARBLOOD_04_3",0,15,35,N/A,,,
Gratitude,"Zone place_THX_15",0,15,35,N/A,,,
Hot Delivery,"Zone place_merch_020_1",0,29,59,N/A,,,
Hot Delivery,"Zone place_merch_020_2",0,29,59,N/A,,,
Minibus,"Zone place_merch_21_1",0,24,51,N/A,,,
Minibus,"Zone place_merch_21_2",0,24,51,N/A,,,
Minibus,"Zone place_merch_21_3",0,24,51,N/A,,,
Informed Means Armed,"Zone place_skier_11_1",0,24,51,N/A,,,
Informed Means Armed,"Zone place_skier_11_2",0,24,51,N/A,,,
Informed Means Armed,"Zone place_skier_11_3",0,24,51,N/A,,,
Chumming,"Zone place_skier_12_1",0,27,56,N/A,,,
Chumming,"Zone place_skier_12_2",0,27,56,N/A,,,
Chumming,"Zone place_skier_12_3",0,27,56,N/A,,,
Bullshit,"Zone Q019_3",0,30,60,N/A,,,
The Blood of War - Part 3,"Zone bar_fuel3_1",0,30,60,N/A,,,
The Blood of War - Part 3,"Zone bar_fuel3_2",0,30,60,N/A,,,
The Blood of War - Part 3,"Zone bar_fuel3_3",0,30,60,N/A,,,
Introduction,"Zone huntsman_001",0,2,11,N/A,,,
The Survivalist Path - Thrifty,"Zone huntsman_005_1",0,2,11,N/A,,,
The Survivalist Path - Thrifty,"Zone huntsman_005_2",0,2,11,N/A,,,
The Huntsman Path - Secured Perimeter,"Zone huntsman_013",0,2,11,N/A,,,
The Huntsman Path - Evil Watchman,"Zone huntsman_020",0,2,11,N/A,,,
Courtesy Visit,"Zone huntsman_024_1",0,20,45,N/A,,,
Courtesy Visit,"Zone huntsman_024_2",0,20,45,N/A,,,
Courtesy Visit,"Zone huntsman_024_3",0,20,45,N/A,,,
Nostalgia,"Zone huntsman_026",0,28,57,N/A,,,
Reserve,"Zone huntsman_029",1,20,45,"(78.8, -12.1, -117.1)",,,
Anesthesia,"Zone prapor_022_area_1",0,21,47,N/A,,,
Anesthesia,"Zone prapor_022_area_2",0,21,47,N/A,,,
Anesthesia,"Zone prapor_022_area_3",0,21,47,N/A,,,
Colleagues - Part 1,"Zone ter_023_area_1_1",0,21,47,N/A,,,
Colleagues - Part 1,"Zone ter_023_area_3_1",0,21,47,N/A,,,
Colleagues - Part 1,"Zone ter_023_area_2_1",0,21,47,N/A,,,
Rigged Game,"Zone skier_022_area_1",0,21,47,N/A,,,
Rigged Game,"Zone skier_022_area_2",0,21,47,N/A,,,
Rigged Game,"Zone skier_022_area_3",0,21,47,N/A,,,
TerraGroup Employee,"Zone peace_027_area",0,23,50,N/A,,,
The Bunker - Part 1,"Zone prapor_024_area_2",1,10,25,"(-114.9, -14.5, 34.4)",,jbs4bmx (Level 11),Sanote (Level 12),
The Bunker - Part 1,"Zone prapor_024_area_1",1,10,25,"(-116.8, -14.5, 31.7)",,jbs4bmx (Level 11),Sanote (Level 12),
The Bunker - Part 2,"Zone prapor_025_area_1",1,11,27,"(-90.3, -14.3, -5.1)",,jbs4bmx (Level 11),
The Bunker - Part 2,"Zone prapor_025_area_2",0,11,27,N/A,,,
The Bunker - Part 2,"Zone prapor_025_area_3",1,11,27,"(-149.4, -10.5, 50.0)",,jbs4bmx (Level 11),
The Bunker - Part 2,"Zone prapor_025_area_4",1,11,27,"(-107.0, -10.5, 77.5)",,jbs4bmx (Level 11),
The Bunker - Part 2,"Zone prapor_025_area_5",1,11,27,"(-73.0, -10.8, 30.0)",,jbs4bmx (Level 11),
Chemistry Closet,"Zone place_meh_sanitar_room",0,22,48,N/A,,,
Search Mission,"Zone pr_scout_col",0,5,17,N/A,,,
Search Mission,"Zone pr_scout_base",0,5,17,N/A,,,
Revision - Reserve,"Zone tadeush_bmp2_area_check_2",1,14,33,"(-100.4, -3.0, -155.7)",,,
Revision - Reserve,"Zone tadeush_bmp2_area_mark_2",1,14,33,"(-100.8, -3.4, -156.4)",,,
Revision - Reserve,"Zone tadeush_bmp2_area_check_11",1,14,33,"(79.0, -4.9, -31.5)",,,
Revision - Reserve,"Zone tadeush_bmp2_area_mark_11",1,14,33,"(79.0, -4.7, -31.8)",,,
Revision - Reserve,"Zone tadeush_bmp2_area_check_12",1,14,33,"(103.7, -5.3, 63.8)",,Fershte (Level 15),
Revision - Reserve,"Zone tadeush_bmp2_area_mark_12",1,14,33,"(101.7, -4.8, 64.4)",,,
Revision - Reserve,"Zone tadeush_bmp2_area_check_13",1,14,33,"(53.8, -3.5, 122.0)",,,
Revision - Reserve,"Zone tadeush_bmp2_area_mark_13",1,14,33,"(53.6, -3.1, 122.7)",,,
Revision - Reserve,"Zone tadeush_stryker_area_check_3",1,14,33,"(42.0, 1.5, -195.2)",,,
Revision - Reserve,"Zone tadeush_stryker_area_mark_3",1,14,33,"(42.1, 1.6, -195.2)",Fershte (Level 15),,
Revision - Reserve,"Zone tadeush_stryker_area_check_4",1,14,33,"(-107.2, -4.3, -67.3)",,,
Revision - Reserve,"Zone tadeush_t90_area_check_1",1,14,33,"(-160.6, -3.4, -117.6)",,,
Classified Technologies,"Item T-90M Commander Control Panel",1,14,33,"(-88.0, -19.5, 151.0)",,,
Documents,"Item Military documents #1",1,12,29,"(-114.5, -14.5, 26.9)",,,
Documents,"Item Military documents #2",1,12,29,"(-114.2, -14.5, 40.5)",,,
Documents,"Item Military documents #3",1,12,29,"(-121.3, -14.5, 38.5)",savid_dubs (Level 12),,
No Place for Renegades,"Zone prapor_hq_area_check_1",1,12,29,"(-109.7, -14.5, 37.2)",Traveler (Level 19),BrandoTheDev (Level 13),,
Disease History,"Item Medical record #1",1,15,35,"(-59.6, -3.8, -36.0)",,,
Disease History,"Item Medical record #2",1,15,35,"(-79.9, -3.8, -31.0)",,,
Surplus Goods,"Item MBT Integrated Navigation System",1,14,33,"(99.6, -6.6, 59.5)",,,
Back Door,"Zone mechanik_exit_area_1",1,14,33,"(-119.8, -18.3, 171.8)",,,
Safe Corridor,"Zone lijnik_storage_area_1",0,15,35,N/A,,,
Inventory Check,"Zone baraholshik_arsenal_area_1",1,15,35,"(-167.4, 2.4, 31.4)",,,
Inventory Check,"Zone baraholshik_dejurniy_area_2",1,15,35,"(-165.0, -0.5, 34.5)",,,
Inventory Check,"Zone baraholshik_arsenal_area_3",1,15,35,"(-167.4, -3.4, 31.4)",,,
Inventory Check,"Zone baraholshik_arsenal_area_4",1,15,35,"(-125.5, 2.4, 95.7)",,,
Inventory Check,"Zone baraholshik_arsenal_area_5",1,15,35,"(-125.5, -3.4, 95.7)",,,
A Fuel Matter,"Zone baraholshik_fuel_area_2",1,15,35,"(11.9, -6.9, 73.8)",,,
A Fuel Matter,"Zone baraholshik_fuel_area_3",1,15,35,"(170.0, -6.8, -97.9)",,,
Pest Control,"Zone eger_barracks_area_1",1,20,45,"(-102.9, -6.2, 92.5)",,,
Pest Control,"Zone eger_barracks_area_2",1,20,45,"(-163.6, -9.2, 55.8)",,,
Capturing Outposts,"Zone prapor_27_1",0,42,82,N/A,,,
Capturing Outposts,"Zone prapor_27_2",0,42,82,N/A,,,
Capturing Outposts,"Zone prapor_27_3",0,42,82,N/A,,,
Capturing Outposts,"Zone prapor_27_4",0,42,82,N/A,,,
The Courier,"Zone mech_41_1",0,52,92,N/A,,,
The Courier,"Zone mech_41_2",0,52,92,N/A,,,
Long Line,"Zone place_merch_022_1",0,45,85,N/A,,,
Long Line,"Zone place_merch_022_2",0,45,85,N/A,,,
Long Line,"Zone place_merch_022_3",0,45,85,N/A,,,
Long Line,"Zone place_merch_022_4",0,45,85,N/A,,,
Long Line,"Zone place_merch_022_5",0,45,85,N/A,,,
Long Line,"Zone place_merch_022_6",0,45,85,N/A,,,
Long Line,"Zone place_merch_022_7",0,45,85,N/A,,,
Easy Job - Part 1,"Zone qlight_pr1_heli1_find",0,18,41,N/A,,,
Easy Job - Part 1,"Zone qlight_pr1_heli1_mark",0,18,41,N/A,,,
Easy Job - Part 2,"Zone qlight_pr1_heli2_kill",0,18,41,N/A,,,
Lost Contact,"Zone qlight_find_scav_group1",0,17,39,N/A,,,
Overpopulation,"Zone qlight_pc1_ucot_kill",0,15,35,N/A,,,
Energy Crisis,"Zone qlight_fuel_blood",0,25,53,N/A,,,
Energy Crisis,"Zone qlight_fuel_blood_bezovoz1",0,25,53,N/A,,,
Energy Crisis,"Zone qlight_fuel_blood_bezovoz2",0,25,53,N/A,,,
Energy Crisis,"Zone qlight_fuel_blood_bezovoz3",0,25,53,N/A,,,
Revision - Lighthouse,"Zone qlight_mark_vech1",0,14,33,N/A,,,
Revision - Lighthouse,"Zone qlight_mark_vech2",0,14,33,N/A,,,
Revision - Lighthouse,"Zone qlight_mark_vech3",0,14,33,N/A,,,
Revision - Lighthouse,"Zone qlight_mark_vech4",0,14,33,N/A,,,
Missing Cargo,"Zone qlight_find_crushed_heli",0,30,60,N/A,,,
The Hermit,"Zone qlight_hunt_fr_find",0,20,45,N/A,,,
Long Road,"Zone qlight_br_secure_road",0,20,45,N/A,,,
Cargo X - Part 4,"Zone qlight16_peace_terra",0,12,29,N/A,,,
Network Provider - Part 2,"Zone meh_42_radio_area_mark_1",0,35,70,N/A,,,
Network Provider - Part 2,"Zone meh_42_radio_area_mark_2",0,35,70,N/A,,,
Network Provider - Part 2,"Zone meh_42_radio_area_mark_3",0,35,70,N/A,,,
Network Provider - Part 2,"Zone meh_42_radio_area_mark_4",0,35,70,N/A,,,
Assessment - Part 1,"Zone meh_44_eastLight_kill",0,35,70,N/A,,,
Assessment - Part 2,"Zone meh_45_radio_area_mark_1",0,35,70,N/A,,,
Assessment - Part 2,"Zone meh_45_radio_area_mark_2",0,35,70,N/A,,,
Assessment - Part 2,"Zone meh_45_radio_area_mark_3",0,35,70,N/A,,,
Assessment - Part 2,"Zone meh_45_radio_area_mark_4",0,35,70,N/A,,,
Knock-Knock,"Zone meh_48_transponder_area_check_1",0,35,70,N/A,,,
Getting Acquainted,"Zone meh_50_visit_area_check_1",0,35,70,N/A,,,
Drug Trafficking,"Zone qlight_extension_medic1_exploration1",0,17,39,N/A,,,
Drug Trafficking,"Zone qlight_extension_medic1_hide1",0,17,39,N/A,,,
Reconnaissance,"Zone qlight_extension_prapor1_exploration1",0,18,41,N/A,,,
Reconnaissance,"Zone qlight_extension_prapor1_exploration2",0,18,41,N/A,,,
Reconnaissance,"Zone qlight_extension_prapor1_exploration3",0,18,41,N/A,,,
Top Secret,"Zone qlight_extension_bariga1_exploration1",0,35,70,N/A,,,
Broadcast - Part 1,"Zone qlight_extension_mechanik1_exploration1",0,12,29,N/A,,,
Broadcast - Part 1,"Zone qlight_extension_mechanik1_hide1",0,12,29,N/A,,,
Ballet Lover,"Zone quest_zone_c5_mar",0,20,45,N/A,,,
Glory to CPSU - Part 1,"Zone quest_zone_c6_kpss",0,15,35,N/A,,,
Audiophile,"Zone quest_zone_c7_mel",0,25,53,N/A,,,
House Arrest - Part 1,"Zone quest_zone_c8_dom1",0,33,66,N/A,,,
House Arrest - Part 2,"Zone quest_zone_c8_dom2",0,33,66,N/A,,,
House Arrest - Part 2,"Zone quest_zone_c8_dom2_dead",0,33,66,N/A,,,
Urban Medicine,"Zone quest_zone_c11_gmed",0,17,39,N/A,,,
Revision - Streets of Tarkov,"Zone quest_zone_place_c14_revx_1",0,17,39,N/A,,,
Revision - Streets of Tarkov,"Zone quest_zone_place_c14_revx_2",0,17,39,N/A,,,
Revision - Streets of Tarkov,"Zone quest_zone_place_c14_revx_3",0,17,39,N/A,,,
Green Corridor,"Zone quest_zone_c16_koll_1",0,20,45,N/A,,,
Green Corridor,"Zone quest_zone_c16_koll_2",0,20,45,N/A,,,
The Huntsman Path - Administrator,"Zone quest_zone_kill_c17_adm",0,23,50,N/A,,,
The Huntsman Path - Administrator,"Zone quest_zone_prod_flare",0,23,50,N/A,,,
Watching You,"Zone quest_zone_c21_look",0,20,45,N/A,,,
Broadcast - Part 2,"Zone quest_zone_c25_cinem",0,15,35,N/A,,,
Broadcast - Part 4,"Zone quest_zone_c27_sect",0,27,56,N/A,,,
Make Amends,"Zone meh_50_visit_area_check_1",0,0,99,N/A,,,
Road Closed,"Zone quest_zone_c16_koll_1",0,20,45,N/A,,,
Road Closed,"Zone quest_zone_c16_koll_2",0,20,45,N/A,,,
Information Source,"Zone quest_zone_place_c24_tigr1",0,35,70,N/A,,,
Information Source,"Zone quest_zone_place_c24_tigr2",0,35,70,N/A,,,
Missing Informant,"Zone quest_zone_keeper00",0,35,70,N/A,,,
Missing Informant,"Zone quest_zone_keeper99",0,35,70,N/A,,,
Snatch,"Zone tadeush_bmp2_area_mark_12",1,35,70,"(101.7, -4.8, 64.4)",,,
Snatch,"Item Lightkeeper intelligence",1,35,70,"(102.4, -6.9, 66.2)",,,
Payback,"Zone quest_zone_keeper4_flare",0,35,70,N/A,,,
Return the Favor,"Zone quest_zone_keeper5",0,35,70,N/A,,,
Return the Favor,"Zone place_keeper5_1",0,35,70,N/A,,,
Return the Favor,"Zone place_keeper5_2",0,35,70,N/A,,,
Provocation,"Zone quest_zone_keeper6_kiba_kill",0,35,70,N/A,,,
Provocation,"Zone quest_zone_keeper6_kiba_hide",0,35,70,N/A,,,
Provocation,"Zone quest_zone_keeper6_safe_hide",0,35,70,N/A,,,
Provocation,"Zone quest_zone_keeper6_cont_hide",0,35,70,N/A,,,
Following the Bread Crumbs,"Zone quest_zone_keeper7_saferoom",0,35,70,N/A,,,
Following the Bread Crumbs,"Zone quest_zone_keeper7_test",0,35,70,N/A,,,
Spotter,"Zone quest_zone_keeper8_1",0,35,70,N/A,,,
Spotter,"Zone quest_zone_keeper8_1_hide1",0,35,70,N/A,,,
Spotter,"Zone quest_zone_keeper8_2",0,35,70,N/A,,,
Spotter,"Zone quest_zone_keeper8_1_hide2",0,35,70,N/A,,,
Trouble in the Big City,"Zone quest_zone_c16_koll_1",0,35,70,N/A,,,
Trouble in the Big City,"Zone quest_zone_keeper10_place",0,35,70,N/A,,,
Trouble in the Big City,"Zone quest_zone_last_flare",0,35,70,N/A,,,
Debtor,"Zone quest_zone_c29_debt",0,31,62,N/A,,,
Broadcast - Part 3,"Zone quest_zone_c25_cinem2",0,20,45,N/A,,,
The Delicious Sausage,"Zone quest_produkt1",0,5,17,N/A,,,
The Delicious Sausage,"Zone quest_produkt2",0,5,17,N/A,,,
The Delicious Sausage,"Zone quest_produkt3",0,5,17,N/A,,,
The Delicious Sausage,"Zone quest_produkt4",0,5,17,N/A,,,
Gendarmerie - Mall Cop,"Zone quest_zone_kill_stilo",0,21,47,N/A,,,
Out of Time,"Item Picture 9",1,29,59,"(-169.3, -6.1, 3.1)",,,
Broadcast - Part 5,"Zone quest_zone_find_2st_mech",0,27,56,N/A,,,
Broadcast - Part 5,"Zone quest_zone_hide_2st_mech",0,27,56,N/A,,,
The Door,"Zone quest_zone_find_sillent",0,15,35,N/A,,,
The Door,"Zone quest_zone_hide_sillent",0,15,35,N/A,,,
The Door,"Zone quest_zone_hide_sillent2",0,15,35,N/A,,,
Glory to CPSU - Part 2,"Zone quest_zone_find_2st_kpss2",0,15,35,N/A,,,
Pets Won't Need It,"Zone quest_zone_find_2st_med_invent1",0,12,29,N/A,,,
Pets Won't Need It,"Zone quest_zone_find_2st_med_invent2",0,12,29,N/A,,,
Blackmail,"Zone labCafe",0,0,99,N/A,,,
Spying Operation,"Zone redBlueZone",0,0,99,N/A,,,
Spying Operation,"Zone sanitarLabZone",0,0,99,N/A,,,
Bait,"Zone markedRoom314",0,0,99,N/A,,,
Bait,"Zone markedRoomRBBK",0,0,99,N/A,,,
Bait,"Zone markedShorelineRoom",0,0,99,N/A,,,
Spawn Points,"Spawn Point (148.7, -10.8, 38.1)",1,0,99,"(148.7, -10.8, 38.1)",,,
Spawn Points,"Spawn Point (141.0, -6.5, -223.1)",1,0,99,"(141.0, -6.5, -223.1)",,,
Spawn Points,"Spawn Point (-85.1, -14.5, 36.9)",1,0,99,"(-85.1, -14.5, 36.9)",,,
Spawn Points,"Spawn Point (-118.6, -6.9, -3.0)",1,0,99,"(-118.6, -6.9, -3.0)",,,
Spawn Points,"Spawn Point (-261.4, -10.8, -64.0)",1,0,99,"(-261.4, -10.8, -64.0)",,,
Spawn Points,"Spawn Point (62.3, -6.9, -174.5)",1,0,99,"(62.3, -6.9, -174.5)",,,
Spawn Points,"Spawn Point (65.8, -6.8, -39.2)",1,0,99,"(65.8, -6.8, -39.2)",,,
Spawn Points,"Spawn Point (233.9, -10.8, -2.0)",1,0,99,"(233.9, -10.8, -2.0)",,,
Spawn Points,"Spawn Point (60.7, -6.7, 63.8)",1,0,99,"(60.7, -6.7, 63.8)",,,
Spawn Points,"Spawn Point (142.9, -10.8, 40.5)",1,0,99,"(142.9, -10.8, 40.5)",,,
Spawn Points,"Spawn Point (-218.1, -10.9, 51.1)",1,0,99,"(-218.1, -10.9, 51.1)",,,
Spawn Points,"Spawn Point (164.5, -6.8, -234.9)",1,0,99,"(164.5, -6.8, -234.9)",,,
Spawn Points,"Spawn Point (147.1, -10.8, 34.6)",1,0,99,"(147.1, -10.8, 34.6)",,,
Spawn Points,"Spawn Point (148.8, -10.8, 36.2)",1,0,99,"(148.8, -10.8, 36.2)",,,
Spawn Points,"Spawn Point (189.6, -6.8, -101.5)",1,0,99,"(189.6, -6.8, -101.5)",,,
Spawn Points,"Spawn Point (217.3, -6.9, -172.0)",1,0,99,"(217.3, -6.9, -172.0)",,,
Spawn Points,"Spawn Point (164.8, -5.2, -161.4)",1,0,99,"(164.8, -5.2, -161.4)",Sensual zhomv (Level 2),,
Spawn Points,"Spawn Point (219.2, -6.9, -174.0)",1,0,99,"(219.2, -6.9, -174.0)",,,
Spawn Points,"Spawn Point (-99.9, -14.5, 17.4)",1,0,99,"(-99.9, -14.5, 17.4)",,,
Spawn Points,"Spawn Point (-219.4, -10.9, 50.4)",1,0,99,"(-219.4, -10.9, 50.4)",,,
Spawn Points,"Spawn Point (73.4, -15.5, -38.3)",1,0,99,"(73.4, -15.5, -38.3)",,,
Spawn Points,"Spawn Point (-132.3, -11.7, 80.7)",1,0,99,"(-132.3, -11.7, 80.7)",,,
Spawn Points,"Spawn Point (63.1, -6.9, -172.0)",1,0,99,"(63.1, -6.9, -172.0)",,,
Spawn Points,"Spawn Point (-267.8, -10.9, -75.0)",1,0,99,"(-267.8, -10.9, -75.0)",,DewardianDev (Level 7),
Spawn Points,"Spawn Point (-29.7, -6.8, -12.5)",1,0,99,"(-29.7, -6.8, -12.5)",,,
Spawn Points,"Spawn Point (-213.8, -10.9, 50.9)",1,0,99,"(-213.8, -10.9, 50.9)",,,
Spawn Points,"Spawn Point (-79.0, 21.3, 193.8)",1,0,99,"(-79.0, 21.3, 193.8)",,,
Spawn Points,"Spawn Point (171.6, -5.2, -167.7)",1,0,99,"(171.6, -5.2, -167.7)",,,
Spawn Points,"Spawn Point (58.4, -12.2, -155.2)",1,0,99,"(58.4, -12.2, -155.2)",,,
Spawn Points,"Spawn Point (38.6, -0.5, -184.2)",1,0,99,"(38.6, -0.5, -184.2)",,,
Spawn Points,"Spawn Point (156.5, -6.8, -234.9)",1,0,99,"(156.5, -6.8, -234.9)",,,
Spawn Points,"Spawn Point (-215.4, -10.9, 50.9)",1,0,99,"(-215.4, -10.9, 50.9)",,,
Spawn Points,"Spawn Point (243.1, -7.1, -88.1)",1,0,99,"(243.1, -7.1, -88.1)",,,
Spawn Points,"Spawn Point (41.4, -12.2, -110.2)",1,0,99,"(41.4, -12.2, -110.2)",,,
Spawn Points,"Spawn Point (57.9, -6.7, 64.8)",1,0,99,"(57.9, -6.7, 64.8)",,,
Spawn Points,"Spawn Point (186.8, -6.8, -105.0)",1,0,99,"(186.8, -6.8, -105.0)",,,
Spawn Points,"Spawn Point (-27.9, 12.6, 184.2)",1,0,99,"(-27.9, 12.6, 184.2)",,,
Spawn Points,"Spawn Point (-105.6, -14.5, 21.8)",1,0,99,"(-105.6, -14.5, 21.8)",,,
Spawn Points,"Spawn Point (-145.4, -6.9, 53.3)",1,0,99,"(-145.4, -6.9, 53.3)",,,
Spawn Points,"Spawn Point (-154.1, -6.2, -9.2)",1,0,99,"(-154.1, -6.2, -9.2)",,,
Spawn Points,"Spawn Point (23.6, -6.9, 8.2)",1,0,99,"(23.6, -6.9, 8.2)",,,
Spawn Points,"Spawn Point (-74.1, -6.8, 27.0)",1,0,99,"(-74.1, -6.8, 27.0)",,,
Spawn Points,"Spawn Point (-37.5, -6.8, -172.3)",1,0,99,"(-37.5, -6.8, -172.3)",,,
Spawn Points,"Spawn Point (-117.6, -14.6, 58.7)",1,0,99,"(-117.6, -14.6, 58.7)",,,
Spawn Points,"Spawn Point (56.7, -6.7, 66.7)",1,0,99,"(56.7, -6.7, 66.7)",,,
Spawn Points,"Spawn Point (-90.4, -14.5, 14.5)",1,0,99,"(-90.4, -14.5, 14.5)",,,
Spawn Points,"Spawn Point (-27.9, 12.6, 181.6)",1,0,99,"(-27.9, 12.6, 181.6)",,,
Spawn Points,"Spawn Point (32.5, -6.8, -11.5)",1,0,99,"(32.5, -6.8, -11.5)",,,
Spawn Points,"Spawn Point (168.4, -6.8, -234.9)",1,0,99,"(168.4, -6.8, -234.9)",,,
Spawn Points,"Spawn Point (43.1, -6.8, -32.7)",1,0,99,"(43.1, -6.8, -32.7)",,,
Spawn Points,"Spawn Point (-83.9, -6.8, 44.9)",1,0,99,"(-83.9, -6.8, 44.9)",,,
Spawn Points,"Spawn Point (126.4, -6.8, 45.4)",1,0,99,"(126.4, -6.8, 45.4)",,,
Spawn Points,"Spawn Point (160.2, -5.1, -168.1)",1,0,99,"(160.2, -5.1, -168.1)",,,
Spawn Points,"Spawn Point (138.8, -6.8, -229.3)",1,0,99,"(138.8, -6.8, -229.3)",,,
Spawn Points,"Spawn Point (102.7, -6.9, -5.5)",1,0,99,"(102.7, -6.9, -5.5)",,,
Spawn Points,"Spawn Point (-135.1, -6.7, -130.0)",1,0,99,"(-135.1, -6.7, -130.0)",,,
Spawn Points,"Spawn Point (249.1, -6.4, -28.2)",1,0,99,"(249.1, -6.4, -28.2)",,,
Spawn Points,"Spawn Point (-262.9, -10.9, -67.3)",1,0,99,"(-262.9, -10.9, -67.3)",,,
Spawn Points,"Spawn Point (25.9, -6.9, 7.2)",1,0,99,"(25.9, -6.9, 7.2)",,,
Spawn Points,"Spawn Point (141.4, -10.8, 41.1)",1,0,99,"(141.4, -10.8, 41.1)",,,
Spawn Points,"Spawn Point (-6.0, -7.0, -182.4)",1,0,99,"(-6.0, -7.0, -182.4)",,,
Spawn Points,"Spawn Point (174.0, -5.2, -166.8)",1,0,99,"(174.0, -5.2, -166.8)",,,
Spawn Points,"Spawn Point (188.8, -6.8, -106.4)",1,0,99,"(188.8, -6.8, -106.4)",,,
Spawn Points,"Spawn Point (-50.7, -6.5, 15.7)",1,0,99,"(-50.7, -6.5, 15.7)",,,
Spawn Points,"Spawn Point (-82.4, -14.3, 28.9)",1,0,99,"(-82.4, -14.3, 28.9)",,,
Spawn Points,"Spawn Point (-138.0, -7.1, -130.0)",1,0,99,"(-138.0, -7.1, -130.0)",,,
Spawn Points,"Spawn Point (23.5, -5.1, -128.3)",1,0,99,"(23.5, -5.1, -128.3)",,,
Spawn Points,"Spawn Point (-36.4, -7.0, -167.0)",1,0,99,"(-36.4, -7.0, -167.0)",,,
Spawn Points,"Spawn Point (22.7, -6.9, 5.2)",1,0,99,"(22.7, -6.9, 5.2)",Sanote (Level 4),,
Spawn Points,"Spawn Point (23.2, -6.9, 6.6)",1,0,99,"(23.2, -6.9, 6.6)",,,
Spawn Points,"Spawn Point (189.5, -6.8, -96.3)",1,0,99,"(189.5, -6.8, -96.3)",,,
Spawn Points,"Spawn Point (55.9, -6.7, 65.1)",1,0,99,"(55.9, -6.7, 65.1)",,,
Spawn Points,"Spawn Point (-86.1, -14.4, 21.4)",1,0,99,"(-86.1, -14.4, 21.4)",,,
Spawn Points,"Spawn Point (-265.5, -5.5, 13.1)",1,0,99,"(-265.5, -5.5, 13.1)",,,
Spawn Points,"Spawn Point (-266.1, -10.9, -76.9)",1,0,99,"(-266.1, -10.9, -76.9)",,,
Spawn Points,"Spawn Point (225.1, -6.8, -123.0)",1,0,99,"(225.1, -6.8, -123.0)",,,
Spawn Points,"Spawn Point (234.1, -10.8, -3.3)",1,0,99,"(234.1, -10.8, -3.3)",,,
Spawn Points,"Spawn Point (63.7, -6.9, -168.2)",1,0,99,"(63.7, -6.9, -168.2)",,,
Spawn Points,"Spawn Point (-264.5, -5.2, 11.5)",1,0,99,"(-264.5, -5.2, 11.5)",,,
Spawn Points,"Spawn Point (-71.5, 21.4, 193.8)",1,0,99,"(-71.5, 21.4, 193.8)",,,
Spawn Points,"Spawn Point (-62.3, -7.0, 37.9)",1,0,99,"(-62.3, -7.0, 37.9)",,,
Spawn Points,"Spawn Point (-252.8, -5.4, -0.7)",1,0,99,"(-252.8, -5.4, -0.7)",,,
Spawn Points,"Spawn Point (96.7, -7.0, -16.2)",1,0,99,"(96.7, -7.0, -16.2)",,,
Spawn Points,"Spawn Point (-49.3, -6.5, 18.1)",1,0,99,"(-49.3, -6.5, 18.1)",,,
Spawn Points,"Spawn Point (233.8, -10.8, -0.6)",1,0,99,"(233.8, -10.8, -0.6)",DewardianDev (Level 7),,
Spawn Points,"Spawn Point (-32.9, -7.0, -154.5)",1,0,99,"(-32.9, -7.0, -154.5)",,,
Spawn Points,"Spawn Point (-216.8, -10.9, 51.0)",1,0,99,"(-216.8, -10.9, 51.0)",,,jbs4bmx (Level 11)
Spawn Points,"Spawn Point (30.7, -12.2, -153.9)",1,0,99,"(30.7, -12.2, -153.9)",,,
Spawn Points,"Spawn Point (25.7, -6.9, 4.9)",1,0,99,"(25.7, -6.9, 4.9)",,,
Spawn Points,"Spawn Point (248.3, -6.5, -32.9)",1,0,99,"(248.3, -6.5, -32.9)",,,
Spawn Points,"Spawn Point (-136.4, -14.6, 41.6)",1,0,99,"(-136.4, -14.6, 41.6)",,,
Spawn Points,"Spawn Point (-10.3, -7.0, -186.0)",1,0,99,"(-10.3, -7.0, -186.0)",,,
Spawn Points,"Spawn Point (192.4, -6.8, -97.5)",1,0,99,"(192.4, -6.8, -97.5)",,,
Spawn Points,"Spawn Point (230.4, -6.8, -117.5)",1,0,99,"(230.4, -6.8, -117.5)",,,
Spawn Points,"Spawn Point (248.8, -6.0, -18.0)",1,0,99,"(248.8, -6.0, -18.0)",,,
Spawn Points,"Spawn Point (-33.7, -7.0, -156.9)",1,0,99,"(-33.7, -7.0, -156.9)",,,
Spawn Points,"Spawn Point (104.8, -7.0, 12.9)",1,0,99,"(104.8, -7.0, 12.9)",,,
Spawn Points,"Spawn Point (160.2, -6.8, -234.9)",1,0,99,"(160.2, -6.8, -234.9)",,,
Spawn Points,"Spawn Point (-34.9, -7.0, -169.2)",1,0,99,"(-34.9, -7.0, -169.2)",,,
Spawn Points,"Spawn Point (-6.0, -7.0, -180.0)",1,0,99,"(-6.0, -7.0, -180.0)",,,
Spawn Points,"Spawn Point (1.8, -6.9, -40.0)",1,0,99,"(1.8, -6.9, -40.0)",,,
Spawn Points,"Spawn Point (-104.2, -14.5, 33.8)",1,0,99,"(-104.2, -14.5, 33.8)",,,
Spawn Points,"Spawn Point (-89.8, -14.5, 17.2)",1,0,99,"(-89.8, -14.5, 17.2)",,,
Spawn Points,"Spawn Point (-53.0, -6.8, 40.6)",1,0,99,"(-53.0, -6.8, 40.6)",,,
Spawn Points,"Spawn Point (-76.0, 21.4, 194.0)",1,0,99,"(-76.0, 21.4, 194.0)",,,jbs4bmx (Level 11)
Spawn Points,"Spawn Point (-78.7, 21.1, 191.1)",1,0,99,"(-78.7, 21.1, 191.1)",,,
Spawn Points,"Spawn Point (62.8, -6.7, 63.1)",1,0,99,"(62.8, -6.7, 63.1)",,,
Spawn Points,"Spawn Point (-163.1, -6.2, -6.8)",1,0,99,"(-163.1, -6.2, -6.8)",,,
Spawn Points,"Spawn Point (83.2, -12.2, -123.1)",1,0,99,"(83.2, -12.2, -123.1)",,,
Spawn Points,"Spawn Point (-130.3, -11.7, 80.3)",1,0,99,"(-130.3, -11.7, 80.3)",,,
Spawn Points,"Spawn Point (45.4, -0.8, -196.3)",1,0,99,"(45.4, -0.8, -196.3)",,,
Spawn Points,"Spawn Point (-48.3, -6.5, 15.1)",1,0,99,"(-48.3, -6.5, 15.1)",,,
Spawn Points,"Spawn Point (170.4, -6.8, -234.9)",1,0,99,"(170.4, -6.8, -234.9)",,jbs4bmx (Level 11),
Spawn Points,"Spawn Point (197.1, -6.3, 42.0)",1,0,99,"(197.1, -6.3, 42.0)",,,
Spawn Points,"Spawn Point (33.4, -12.2, -142.6)",1,0,99,"(33.4, -12.2, -142.6)",,,
Spawn Points,"Spawn Point (-7.3, -7.0, -183.4)",1,0,99,"(-7.3, -7.0, -183.4)",,,
Spawn Points,"Spawn Point (-35.4, -7.0, -34.1)",1,0,99,"(-35.4, -7.0, -34.1)",,,
Spawn Points,"Spawn Point (61.5, -6.9, -177.2)",1,0,99,"(61.5, -6.9, -177.2)",,,
Spawn Points,"Spawn Point (-263.0, -10.9, -64.7)",1,0,99,"(-263.0, -10.9, -64.7)",,,
Spawn Points,"Spawn Point (-126.8, -10.5, 79.1)",1,0,99,"(-126.8, -10.5, 79.1)",,,
Spawn Points,"Spawn Point (39.7, -0.2, -188.6)",1,0,99,"(39.7, -0.2, -188.6)",,,
Spawn Points,"Spawn Point (137.2, -6.5, -232.0)",1,0,99,"(137.2, -6.5, -232.0)",,,
Spawn Points,"Spawn Point (216.7, -6.9, -176.9)",1,0,99,"(216.7, -6.9, -176.9)",,,
Spawn Points,"Spawn Point (234.4, -10.8, -4.8)",1,0,99,"(234.4, -10.8, -4.8)",,,
Spawn Points,"Spawn Point (102.4, -7.0, 3.1)",1,0,99,"(102.4, -7.0, 3.1)",,,
Spawn Points,"Spawn Point (240.9, -7.1, -94.9)",1,0,99,"(240.9, -7.1, -94.9)",,,
Spawn Points,"Spawn Point (-149.9, -6.2, -10.4)",1,0,99,"(-149.9, -6.2, -10.4)",,,
Spawn Points,"Spawn Point (-118.3, -10.5, 77.5)",1,0,99,"(-118.3, -10.5, 77.5)",,,
Spawn Points,"Spawn Point (234.3, -10.8, -6.7)",1,0,99,"(234.3, -10.8, -6.7)",,,
Spawn Points,"Spawn Point (35.9, -0.3, -189.7)",1,0,99,"(35.9, -0.3, -189.7)",,,
Spawn Points,"Spawn Point (-74.3, 21.4, 192.0)",1,0,99,"(-74.3, 21.4, 192.0)",,,
Spawn Points,"Spawn Point (31.5, -12.2, -146.8)",1,0,99,"(31.5, -12.2, -146.8)",,,
Spawn Points,"Spawn Point (146.0, -6.8, -230.5)",1,0,99,"(146.0, -6.8, -230.5)",,,
Spawn Points,"Spawn Point (-6.5, -6.7, -19.2)",1,0,99,"(-6.5, -6.7, -19.2)",,,
Spawn Points,"Spawn Point (67.8, -7.3, -168.2)",1,0,99,"(67.8, -7.3, -168.2)",,,
Spawn Points,"Spawn Point (-28.3, 12.6, 182.9)",1,0,99,"(-28.3, 12.6, 182.9)",,,
Spawn Points,"Spawn Point (-47.3, -6.5, 18.7)",1,0,99,"(-47.3, -6.5, 18.7)",,,
Spawn Points,"Spawn Point (47.3, -12.1, -93.3)",1,0,99,"(47.3, -12.1, -93.3)",,,
Spawn Points,"Spawn Point (255.1, -6.4, -42.1)",1,0,99,"(255.1, -6.4, -42.1)",,,
Spawn Points,"Spawn Point (-135.1, -6.7, -130.0)",1,0,99,"(-135.1, -6.7, -130.0)",,,
Spawn Points,"Spawn Point (-135.5, -6.7, -130.0)",1,0,99,"(-135.5, -6.7, -130.0)",,,
Spawn Points,"Spawn Point (226.3, -6.8, 31.4)",1,0,99,"(226.3, -6.8, 31.4)",,,
Spawn Points,"Spawn Point (-174.1, -6.9, 1.2)",1,0,99,"(-174.1, -6.9, 1.2)",,,
Spawn Points,"Spawn Point (-120.8, -10.5, 78.1)",1,0,99,"(-120.8, -10.5, 78.1)",,,
Spawn Points,"Spawn Point (173.8, -5.2, -169.2)",1,0,99,"(173.8, -5.2, -169.2)",,,
Spawn Points,"Spawn Point (-136.0, -6.7, -130.0)",1,0,99,"(-136.0, -6.7, -130.0)",,,
Spawn Points,"Spawn Point (122.0, -12.2, -120.3)",1,0,99,"(122.0, -12.2, -120.3)",,,
Spawn Points,"Spawn Point (-26.8, 12.6, 182.8)",1,0,99,"(-26.8, 12.6, 182.8)",,,
Spawn Points,"Spawn Point (-47.3, -6.5, 14.3)",1,0,99,"(-47.3, -6.5, 14.3)",,,
Spawn Points,"Spawn Point (176.3, -5.9, 40.8)",1,0,99,"(176.3, -5.9, 40.8)",,,
Spawn Points,"Spawn Point (60.5, -6.9, -56.2)",1,0,99,"(60.5, -6.9, -56.2)",,,
Spawn Points,"Spawn Point (218.0, -6.9, -175.7)",1,0,99,"(218.0, -6.9, -175.7)",,,
Spawn Rush,"Spawn Point (62.8, -6.7, 63.1)",1,0,99,"(62.8, -6.7, 63.1)",,,
Hermetic Door Switch,"Hermetic Door Switch: Objective #1",1,0,99,"(-60.3, -7.0, 76.8)",CouponBugDotCom (Level 4),jbs4bmx (Level 11),DewardianDev (Level 7),Oraceon (Level 5),CouponBugDotCom (Level 4),BrandoTheDev (Level 13),gaylatea (Level 2)
D2 Switch,"D2 Switch: Objective #1",1,0,99,"(-116.5, -14.5, 21.0)",,Oraceon (Level 5),gaylatea (Level 2),CouponBugDotCom (Level 4),Sensual zhomv (Level 2),gaylatea (Level 2)
Command Center Rush,"Command Center Rush: Objective #1",1,10,99,"(-83.9, -14.4, 19.2)",,,
Command Center Rush,"Command Center Rush: Objective #2",1,10,99,"(-120.2, -14.5, 36.6)",,,
Black Bishop Tech Room,"Black Bishop Tech Room: Objective #1",3,0,99,"(-133.5, -0.2, -8.3)",,Sanote (Level 4),DewardianDev (Level 7),Oraceon (Level 5),MissingInAction (Level 3),BrandoTheDev (Level 13),CouponBugDotCom (Level 4),Sanote (Level 12),gaylatea (Level 2)
RB-ST,"RB-ST: Objective #1",4,0,99,"(97.9, -6.9, 51.2)",,jbs4bmx (Level 11),
Hermetic Depot,"Hermetic Depot: Objective #1",1,0,99,"(66.3, -12.2, -152.1)",,,
Hermetic Depot,"Hermetic Depot: Objective #2",1,0,99,"(42.4, -12.2, -125.7)",,,
Hermetic Depot,"Hermetic Depot: Objective #3",1,0,99,"(85.1, -12.2, -111.0)",,,
Hermetic Depot,"Hermetic Depot: Objective #4",1,0,99,"(59.7, -12.2, -124.0)",,,
Hermetic Depot,"Hermetic Depot: Objective #5",1,0,99,"(55.0, -12.2, -79.4)",,,
Hermetic Depot,"Hermetic Depot: Objective #6",1,0,99,"(40.7, -12.2, -145.3)",,,
Hermetic Depot,"Hermetic Depot: Objective #7",1,0,99,"(75.7, -12.2, -136.8)",,,
Hermetic Depot,"Hermetic Depot: Objective #8",1,0,99,"(87.6, -12.2, -87.8)",,,
White Knight,"White Knight: Objective #1",3,0,99,"(78.5, -6.8, -34.8)",,CouponBugDotCom (Level 4),FlashMode (Level 5),iDkGK (Level 16),
White Knight,"White Knight: Objective #2",3,0,99,"(78.7, -6.8, -16.3)",,CouponBugDotCom (Level 4),FlashMode (Level 5),iDkGK (Level 16),
White Knight,"White Knight: Objective #3",2,0,99,"(87.5, -0.9, -17.3)",FlashMode (Level 5),CouponBugDotCom (Level 4),iDkGK (Level 16),
Black Knight,"Black Knight: Objective #1",1,0,99,"(20.2, -6.8, -28.2)",,,
Black Knight,"Black Knight: Objective #2",1,0,99,"(10.9, -6.8, -27.4)",,,
Black Knight,"Black Knight: Objective #3",1,0,99,"(4.3, -6.8, -16.2)",,,
Black Knight,"Black Knight: Objective #4",1,0,99,"(6.9, -6.8, -5.7)",,,
Black Knight,"Black Knight: Objective #5",1,0,99,"(11.0, -4.0, -26.3)",,,
Black Knight,"Black Knight: Objective #6",1,0,99,"(6.5, -4.0, -14.5)",,,
Black Knight,"Black Knight: Objective #7",1,0,99,"(8.6, -4.0, -3.1)",,,
Black Knight,"Black Knight: Objective #8",1,0,99,"(8.6, -4.0, -3.1)",,,
Black Knight,"Black Knight: Objective #9",1,0,99,"(3.9, -1.0, -23.2)",,,
Black Knight,"Black Knight: Objective #10",1,0,99,"(11.5, -1.0, -27.2)",,,
Dome Buildings,"Dome Buildings: Objective #1",1,0,99,"(-41.9, 18.7, 183.5)",,,
Dome Buildings,"Dome Buildings: Objective #2",1,0,99,"(-41.7, 18.6, 169.9)",,,
Dome Buildings,"Dome Buildings: Objective #3",1,0,99,"(-6.3, 19.0, 170.9)",,,
Dome Buildings,"Dome Buildings: Objective #4",1,0,99,"(-5.0, 19.0, 195.6)",,,
Dome Buildings,"Dome Buildings: Objective #5",1,0,99,"(-8.5, 22.4, 173.4)",,,
Dome Buildings,"Dome Buildings: Objective #6",1,0,99,"(-14.6, 22.4, 174.1)",,,
Dome Buildings,"Dome Buildings: Objective #7",1,0,99,"(-5.3, 22.4, 193.3)",,,
Dome Buildings,"Dome Buildings: Objective #8",1,0,99,"(-6.5, 25.9, 191.7)",,,
Dome Buildings,"Dome Buildings: Objective #9",1,0,99,"(-3.5, 32.8, 168.8)",,,
Dome Upper Sniping,"Dome Upper Sniping: Objective #1",1,5,99,"(-9.5, 32.8, 167.4)",,,
Dome Upper Sniping,"Dome Upper Sniping: Objective #2",1,5,99,"(-1.5, 29.6, 165.9)",,,
Dome Upper Sniping,"Dome Upper Sniping: Objective #3",1,5,99,"(-13.1, 29.6, 165.9)",,,
Black Bishop,"Black Bishop: Objective #1",1,0,99,"(-156.7, -6.2, -3.1)",,,
Black Bishop,"Black Bishop: Objective #2",1,0,99,"(-128.9, -6.2, -20.8)",,,
Black Bishop,"Black Bishop: Objective #3",1,0,99,"(-125.5, -3.2, -10.8)",,,
Black Bishop,"Black Bishop: Objective #4",1,0,99,"(-155.6, -3.2, -13.9)",gaylatea (Level 2),,
Black Bishop,"Black Bishop: Objective #5",1,0,99,"(-167.4, -3.2, -0.3)",,,
Black Bishop,"Black Bishop: Objective #6",1,0,99,"(-143.0, -0.1, -6.7)",,,
Black Bishop,"Black Bishop: Objective #7",1,0,99,"(-148.1, -0.2, -5.7)",,,
Black Bishop,"Black Bishop: Objective #8",1,0,99,"(-143.0, -0.1, -16.5)",,,
Black Bishop Underground,"Black Bishop Underground: Objective #1",1,0,99,"(-119.9, -5.5, -12.9)",,,
Black Bishop Underground,"Black Bishop Underground: Objective #2",1,0,99,"(-148.5, -9.2, -26.0)",,,
Black Bishop Underground,"Black Bishop Underground: Objective #3",1,0,99,"(-165.8, -9.2, -21.5)",,,
Black Bishop Underground,"Black Bishop Underground: Objective #4",1,0,99,"(-142.4, -9.4, -16.9)",,,
Black Bishop Underground,"Black Bishop Underground: Objective #5",1,0,99,"(-119.3, -9.4, -13.4)",,,
Black Bishop Underground,"Black Bishop Underground: Objective #6",1,0,99,"(-167.8, -9.4, -0.6)",,,
White Bishop,"White Bishop: Objective #1",1,0,99,"(-80.1, -6.9, -22.4)",,,
White Bishop,"White Bishop: Objective #2",1,0,99,"(-62.0, -6.9, -28.4)",,,gaylatea (Level 2)
White Bishop,"White Bishop: Objective #3",1,0,99,"(-50.4, -6.9, -30.9)",MissingInAction (Level 3),gaylatea (Level 2),
White Bishop,"White Bishop: Objective #4",1,0,99,"(-83.2, -6.9, -31.7)",,,
White Bishop,"White Bishop: Objective #5",1,0,99,"(-79.7, -3.8, -33.6)",,gaylatea (Level 2),
White Bishop,"White Bishop: Objective #6",1,0,99,"(-60.7, -3.7, -38.1)",,gaylatea (Level 2),
White Bishop,"White Bishop: Objective #7",1,0,99,"(-55.4, -9.9, -29.2)",,gaylatea (Level 2),
White Bishop,"White Bishop: Objective #8",1,0,99,"(-78.7, -9.9, -23.0)",,,
White Bishop,"White Bishop: Objective #9",1,0,99,"(-81.9, -9.8, -31.5)",,,
White King,"White King: Objective #1",1,0,99,"(-71.7, -6.5, 16.8)",,,
White King,"White King: Objective #2",1,0,99,"(-74.5, -6.5, 8.9)",,,
White King,"White King: Objective #3",1,0,99,"(-51.0, -6.7, -8.0)",,,
White King,"White King: Objective #4",1,0,99,"(-52.8, -3.9, 17.8)",,,
White King,"White King: Objective #5",1,0,99,"(-30.7, -6.4, 13.8)",,,
White King,"White King: Objective #6",1,0,99,"(-25.3, -6.5, 26.5)",,,
White King,"White King: Objective #7",1,0,99,"(-37.7, -4.1, 7.2)",,,
White King,"White King: Objective #8",1,0,99,"(-65.2, -3.6, 5.7)",,,
White King,"White King: Objective #9",1,0,99,"(-57.6, -3.6, 20.2)",,,
White King,"White King: Objective #10",1,0,99,"(-68.0, -3.6, 28.1)",,,
White King,"White King: Objective #11",1,0,99,"(-64.2, -0.7, 4.8)",,,
White King,"White King: Objective #12",1,0,99,"(-53.3, -0.7, 34.3)",,,
White King,"White King: Objective #13",1,0,99,"(-48.2, -0.7, 19.1)",,,
White King,"White King: Objective #14",1,0,99,"(-69.8, -10.8, 22.4)",,,
White King,"White King: Objective #15",1,0,99,"(-64.0, -10.7, 31.9)",,,
Command Center,"Command Center: Objective #1",1,0,99,"(-82.1, -14.4, 24.9)",,CouponBugDotCom (Level 4),
Command Center,"Command Center: Objective #2",1,0,99,"(-96.0, -14.5, 39.8)",,CouponBugDotCom (Level 4),Sanote (Level 12),
Command Center,"Command Center: Objective #3",1,0,99,"(-114.4, -14.5, 44.6)",,CouponBugDotCom (Level 4),
Command Center,"Command Center: Objective #4",1,0,99,"(-107.5, -14.5, 29.5)",Sanote (Level 12),CouponBugDotCom (Level 4),
Command Center,"Command Center: Objective #5",1,0,99,"(-108.6, -14.5, 24.4)",,,
Command Center,"Command Center: Objective #6",1,0,99,"(-120.8, -14.5, 32.4)",,CouponBugDotCom (Level 4),
Command Center,"Command Center: Objective #7",1,0,99,"(-116.7, -14.5, 25.9)",,CouponBugDotCom (Level 4),
Command Center,"Command Center: Objective #8",1,0,99,"(-122.0, -14.5, 30.1)",,,
Command Center,"Command Center: Objective #9",1,0,99,"(-130.4, -14.6, 51.4)",Clerance (Level 9),CouponBugDotCom (Level 4),
Command Center,"Command Center: Objective #10",1,0,99,"(-116.5, -14.5, 21.0)",,CouponBugDotCom (Level 4),
Black Pawn,"Black Pawn: Objective #1",1,0,99,"(-154.1, -9.2, 72.5)",,skitles55 (Level 20),
Black Pawn,"Black Pawn: Objective #2",1,0,99,"(-164.9, -9.2, 70.9)",,,
Black Pawn,"Black Pawn: Objective #3",1,0,99,"(-164.8, -9.2, 31.6)",,skitles55 (Level 20),
Black Pawn,"Black Pawn: Objective #4",1,0,99,"(-165.5, -6.3, 34.2)",,,
Black Pawn,"Black Pawn: Objective #5",1,0,99,"(-153.1, -6.3, 74.9)",,skitles55 (Level 20),
Black Pawn,"Black Pawn: Objective #6",1,0,99,"(-155.1, -3.4, 71.5)",,,
Black Pawn,"Black Pawn: Objective #7",1,0,99,"(-169.4, -3.4, 47.6)",,,
Black Pawn,"Black Pawn: Objective #8",1,0,99,"(-166.9, -3.4, 31.5)",,,
Black Pawn,"Black Pawn: Objective #9",1,0,99,"(-167.8, -0.4, 31.8)",,skitles55 (Level 20),
Black Pawn,"Black Pawn: Objective #10",1,0,99,"(-163.8, -0.5, 35.1)",,,
Black Pawn,"Black Pawn: Objective #11",1,0,99,"(-167.3, 2.4, 31.4)",,skitles55 (Level 20),
BMP #1,"BMP #1: Objective #1",1,0,99,"(-97.8, -5.2, -149.9)",,Oraceon (Level 5),
BMP #1 Tower,"BMP #1 Tower: Objective #1",1,0,99,"(-114.8, 2.9, -153.7)",,,
Scav Lands North Building,"Scav Lands North Building: Objective #1",1,0,99,"(-105.9, -6.2, -96.3)",,,
Scav Lands South Building,"Scav Lands South Building: Objective #1",1,0,99,"(-136.0, -3.8, -136.5)",,,
Scav Lands South Building,"Scav Lands South Building: Objective #2",1,0,99,"(-144.7, -7.1, -130.8)",,,
SW Bunker,"SW Bunker: Objective #1",1,0,99,"(-266.4, -10.8, -76.1)",,,
SW Tank,"SW Tank: Objective #1",1,0,99,"(-243.1, -5.4, -0.5)",,,
Black Pawn Back Bunker,"Black Pawn Back Bunker: Objective #1",1,0,99,"(-216.2, -10.8, 48.6)",,,
Helicopter,"Helicopter: Objective #1",1,0,99,"(-125.1, -5.3, 34.0)",,,
Helicopter Platform Crawl Space,"Helicopter Platform Crawl Space: Objective #1",1,0,99,"(-91.9, -6.9, 36.3)",,,
Trenches,"Trenches: Objective #1",1,0,99,"(-16.7, -6.9, 18.4)",,,
Trenches,"Trenches: Objective #2",1,0,99,"(-3.9, -6.9, 14.3)",,,
Sewer Manhole Building,"Sewer Manhole Building: Objective #1",1,0,99,"(59.2, -6.7, 64.0)",,,
Sewer Manhole Building,"Sewer Manhole Building: Objective #2",1,0,99,"(71.0, -6.7, 63.1)",,,
Knight Garages,"Knight Garages: Objective #1",1,0,99,"(100.8, -6.9, 20.6)",,,
Knight Garages,"Knight Garages: Objective #2",1,0,99,"(88.8, -6.9, 3.2)",,,
NW Bunkers,"NW Bunkers: Objective #1",1,0,99,"(144.7, -10.8, 40.3)",,,
NW Bunkers,"NW Bunkers: Objective #2",1,0,99,"(145.9, -7.0, -1.6)",,,
NW Bunkers,"NW Bunkers: Objective #3",1,0,99,"(189.9, -5.0, 25.8)",,,
NW Bunkers,"NW Bunkers: Objective #4",1,0,99,"(233.9, -10.8, -4.1)",,,
NW Bunkers,"NW Bunkers: Objective #5",1,0,99,"(223.0, -5.3, -54.3)",,,
Train Yard,"Train Yard: Objective #1",1,0,99,"(39.4, -5.1, -128.9)",,,
Train Yard,"Train Yard: Objective #2",1,0,99,"(2.2, -5.1, -118.1)",,,
Train Yard,"Train Yard: Objective #3",1,0,99,"(2.3, -5.1, -96.6)",,,
Train Yard,"Train Yard: Objective #4",1,0,99,"(60.1, -5.0, -113.3)",,,
Train Yard,"Train Yard: Objective #5",1,0,99,"(43.9, -5.1, -85.8)",,,
Train Yard,"Train Yard: Objective #6",1,0,99,"(8.7, -5.1, -74.6)",,,
Train Yard Bunker Entrance,"Train Yard Bunker Entrance: Objective #1",1,0,99,"(118.6, -6.9, -84.6)",,,
White Rook,"White Rook: Objective #1",1,0,99,"(178.4, -6.6, -138.7)",,,
White Rook,"White Rook: Objective #2",1,0,99,"(179.4, -1.4, -165.7)",,,
White Rook,"White Rook: Objective #3",1,0,99,"(157.4, -5.2, -167.0)",,,
White Rook,"White Rook: Objective #4",1,0,99,"(170.3, -5.2, -170.9)",,,
White Rook Roof,"White Rook Roof: Objective #1",1,0,99,"(145.5, 1.9, -154.4)",,,
White Rook North Tank,"White Rook North Tank: Objective #1",1,0,99,"(212.3, -6.9, -89.1)",,,
White Rook Barracks,"White Rook Barracks: Objective #1",1,0,99,"(191.3, -6.8, -226.0)",,,
White Rook Barracks,"White Rook Barracks: Objective #2",1,0,99,"(197.5, -6.8, -202.5)",,,
White Rook Barracks,"White Rook Barracks: Objective #3",1,0,99,"(148.9, -6.9, -236.6)",,,
South Hill Sniping,"South Hill Sniping: Objective #1",1,0,99,"(129.3, -0.2, -179.9)",,,
South Hill Sniping,"South Hill Sniping: Objective #2",1,0,99,"(99.0, 0.0, -172.4)",,,
South Hill Sniping,"South Hill Sniping: Objective #3",1,0,99,"(67.3, -0.2, -163.7)",,,
South Hill Sniping,"South Hill Sniping: Objective #4",1,0,99,"(35.0, -0.1, -155.0)",,,
Hermetic,"Hermetic: Objective #1",1,0,99,"(42.7, -6.9, -156.6)",,,
Hermetic,"Hermetic: Objective #2",1,0,99,"(27.1, -6.9, -179.0)",,,
Hermetic,"Hermetic: Objective #3",1,0,99,"(57.3, -6.9, -160.9)",,,
Hermetic,"Hermetic: Objective #4",1,0,99,"(60.3, -6.9, -187.3)",,,
White Knight Roof,"White Knight Roof: Objective #1",1,0,99,"(91.9, -1.0, -35.3)",Chomp (Level 14),,
White Knight Roof,"White Knight Roof: Objective #2",1,0,99,"(88.9, -0.9, -48.6)",,,
White Knight Roof,"White Knight Roof: Objective #3",1,0,99,"(72.2, -1.0, -38.7)",,,
White Knight RB-MP22,"White Knight RB-MP22: Objective #1",1,15,99,"(90.3, -4.0, -41.0)",,,
White Knight Rear Drop-Down,"White Knight Rear Drop-Down: Objective #1",1,0,99,"(89.1, -6.8, -42.0)",,,
Black Knight Roof,"Black Knight Roof: Objective #1",1,0,99,"(24.8, -1.0, -12.8)",Styrr (Level 12),,
Black Knight Roof,"Black Knight Roof: Objective #2",1,0,99,"(19.7, -1.0, 1.5)",,,
Black Knight Roof,"Black Knight Roof: Objective #3",1,0,99,"(7.0, -1.0, -2.0)",,,
Checkpoint,"Checkpoint: Objective #1",1,0,99,"(59.0, -6.3, 104.2)",,,
Dome Lower Sniping,"Dome Lower Sniping: Objective #1",1,5,99,"(-0.8, 7.5, 141.1)",,,
Dome Lower Sniping,"Dome Lower Sniping: Objective #2",1,5,99,"(-31.4, 5.0, 128.0)",,,
Dome Lower Sniping,"Dome Lower Sniping: Objective #3",1,5,99,"(-60.0, 8.7, 143.7)",,,
Dome Lower Sniping,"Dome Lower Sniping: Objective #4",1,5,99,"(-33.4, 18.9, 163.8)",,,
Dome Lower Sniping,"Dome Lower Sniping: Objective #5",1,5,99,"(8.8, 11.1, 156.5)",,,
Dome Lower Sniping,"Dome Lower Sniping: Objective #6",1,5,99,"(-82.2, 10.1, 150.8)",,,
D2 from Dome,"D2 from Dome: Objective #1",1,0,99,"(-62.2, -15.9, 181.7)",,,
D2 from Dome,"D2 from Dome: Objective #2",1,0,99,"(-56.0, -15.9, 160.0)",,,
D2 from Dome,"D2 from Dome: Objective #3",1,0,99,"(-77.9, -15.8, 164.3)",,,
Black Bishop Roof,"Black Bishop Roof: Objective #1",1,0,99,"(-118.3, -1.3, -32.8)",,,
Black Bishop Roof,"Black Bishop Roof: Objective #2",1,0,99,"(-110.6, -1.3, -13.9)",,,
White Bishop Roof,"White Bishop Roof: Objective #1",1,0,99,"(-52.1, -0.5, -41.2)",,,
White Bishop Roof,"White Bishop Roof: Objective #2",1,0,99,"(-82.9, -0.6, -32.6)",,,
White Bishop Roof,"White Bishop Roof: Objective #3",1,0,99,"(-81.5, -0.5, -23.8)",,,
White Bishop Roof,"White Bishop Roof: Objective #4",1,0,99,"(-51.1, -0.6, -29.1)",,,
White King Roof,"White King Roof: Objective #1",1,0,99,"(-55.9, 2.2, 36.8)",,,
White King Roof,"White King Roof: Objective #2",1,0,99,"(-68.8, 2.2, 29.3)",,,
White King Roof,"White King Roof: Objective #3",1,0,99,"(-74.0, 2.2, 8.9)",,,
White King Roof,"White King Roof: Objective #4",1,0,99,"(-61.8, 2.2, 3.2)",,,
White King Roof,"White King Roof: Objective #5",1,0,99,"(-52.2, 4.3, 24.6)",,,
White King Roof,"White King Roof: Objective #6",1,0,99,"(-61.5, -1.4, -4.3)",,,
White King Roof,"White King Roof: Objective #7",1,0,99,"(-22.1, 2.9, 28.0)",,,
White King Roof,"White King Roof: Objective #8",1,0,99,"(-26.8, 2.9, 7.7)",,,
White King Roof,"White King Roof: Objective #9",1,0,99,"(-43.7, -1.4, -11.1)",,,
White King Roof,"White King Roof: Objective #10",1,0,99,"(-34.3, -1.4, 4.1)",,,
D2 Area,"D2 Area: Objective #1",1,0,99,"(-56.1, -14.7, 140.4)",,,
D2 Area,"D2 Area: Objective #2",1,0,99,"(-61.2, -14.7, 132.5)",,,
D2 Area,"D2 Area: Objective #3",1,0,99,"(-42.6, -14.7, 131.7)",,,
D2 Area,"D2 Area: Objective #4",1,0,99,"(-52.2, -18.6, 132.6)",,,
D2 Area,"D2 Area: Objective #5",1,0,99,"(-103.3, -18.4, 159.0)",,,
Black Pawn Roof,"Black Pawn Roof: Objective #1",1,0,99,"(-172.1, 5.3, 32.3)",,,
Black Pawn Roof,"Black Pawn Roof: Objective #2",1,0,99,"(-159.9, 5.3, 46.8)",,,
Black Pawn Roof,"Black Pawn Roof: Objective #3",1,0,99,"(-156.3, 5.3, 76.3)",,,
White Pawn,"White Pawn: Objective #1",1,0,99,"(-83.1, -9.2, 82.9)",,,
White Pawn,"White Pawn: Objective #2",1,0,99,"(-114.1, -9.2, 95.5)",,,
White Pawn,"White Pawn: Objective #3",1,0,99,"(-125.3, -3.4, 96.2)",,,
White Pawn,"White Pawn: Objective #4",1,0,99,"(-98.8, -3.4, 91.4)",,,
White Pawn,"White Pawn: Objective #5",1,0,99,"(-93.5, -0.5, 84.8)",,,
White Pawn,"White Pawn: Objective #6",1,0,99,"(-125.7, 2.4, 93.9)",,,
White Pawn Roof,"White Pawn Roof: Objective #1",1,0,99,"(-110.3, 5.3, 91.6)",,,
White Pawn Roof,"White Pawn Roof: Objective #2",1,0,99,"(-97.7, 5.3, 95.2)",,,
White Pawn Roof,"White Pawn Roof: Objective #3",1,0,99,"(-125.4, 5.3, 93.7)",,,
White Pawn Roof,"White Pawn Roof: Objective #4",1,0,99,"(-83.5, 5.6, 81.1)",,,
